{"cameraMode":{"drawMode":0,"name":"Shaded","section":"Shading Mode"},"sceneLighting":true,"audioPlay":false,"sceneViewState":{"showFog":false,"showMaterialUpdate":false,"showSkybox":false,"showFlares":false,"showImageEffects":false,"showParticleSystems":false},"in2DMode":false,"pivot":{"x":25.787967681884767,"y":20.480833053588868,"z":-36.713890075683597},"rotation":{"x":0.18583832681179048,"y":-0.2873578667640686,"z":0.05693865567445755,"w":0.9378995299339294},"size":32.06797409057617,"orthographic":true}